stepNum,ObjectNumber,AreaShape_Area,AreaShape_Center_X,AreaShape_Center_Y,length,AreaShape_MinorAxisLength,AreaShape_Orientation,Children_transconjugants_Count,Intensity_MeanIntensity_gfp_channel_14bit,Intensity_MeanIntensity_rfp_channel_14bit,Location_Center_X,Location_Center_Y,Location_Center_Z,Neighbors_AngleBetweenNeighbors_6,Number_Object_Number,label,TrackObjects_Lifetime_50,TrackObjects_ParentImageNumber_50,TrackObjects_ParentObjectNumber_50,color_mask,coordinate,checked,endppoint1_X,endppoint1_Y,endppoint2_X,endppoint2_Y,noise_bac,id,divideFlag,daughters_index,bad_division_flag,unexpected_end,division_time,transition,LifeHistory,difference_neighbors,parent_id,daughter_orientation,daughter_length_to_mother,daughters_distance,bac_length_to_back,next_to_first_bac_length_ratio,mother_last_to_first_bac_length_ratio,bac_length_to_back_orientation_changes,max_daughter_len_to_mother,bacteria_movement,bacteria_slope,direction_of_motion,angle_between_neighbor_motion_bac_motion,cellAge,growthRate,startVol,targetVol,pos,time,radius,dir,ends,strainRate,strainRate_rolling,gfp_intensity,rfp_intensity,transconjugant_flag
1,1,148,61.79254054,44.76648649,2.887697918,1.353370028,-1.640287704,0,0.042925279,0.000421067,61.79254054,44.76648649,0,41.60466533,1,1,1,0,0,,,TRUE,61.69228622,43.32612234,61.89279486,46.20685064,FALSE,1,TRUE,"[1937, 1946]",FALSE,FALSE,22,FALSE,21,0,0,,,,,,,,,,14.36710329,0,0,1,0.788,2.887697918,11.01204548,"[61.79254054054052, 44.766486486486485]",0.083333333,0.676685014,"[-0.06943546141008645, -0.9975864457272705]","[[61.69228622185026, 43.3261223350862], [61.89279485923078, 46.206850637886774]]",0,0,0.042925279,0.000421067,0
1,2,157,63.10043312,46.99536306,3.057003413,1.367260883,-2.09107316,0,0.043662963,0.000509282,63.10043312,46.99536306,0,111.3354695,2,2,1,0,0,,,TRUE,62.3405838,45.66911026,63.86028244,48.32161585,FALSE,2,TRUE,"[651, 656]",FALSE,FALSE,10,FALSE,9,0,0,,,,,,,,,,1.745415523,0,0,1,0.715,3.057003413,4.975121063,"[63.1004331210191, 46.99536305732483]",0.083333333,0.683630441,"[-0.4971203600629696, -0.8676815934493848]","[[62.34058380230256, 45.66911026099623], [63.86028243973564, 48.321615853653434]]",0,0,0.043662963,0.000509282,0
1,3,206,23.31751456,47.86532039,4.276950188,1.288950514,-1.625034242,0,0.037837634,0.00308973,23.31751456,47.86532039,0,98.15301056,3,3,1,0,0,,,TRUE,23.20158499,45.72998995,23.43344413,50.00065082,FALSE,3,TRUE,"[344, 352]",FALSE,FALSE,6,FALSE,5,0,0,,,,,,,,,,18.41920414,0,0,1,0.681,4.276950188,5.363388846,"[23.317514563106794, 47.86532038834951]",0.083333333,0.644475257,"[-0.05421132623606602, -0.998529484846455]","[[23.201584992145428, 45.72998995451277], [23.43344413406816, 50.00065082218625]]",0,0,0.037837634,0.00308973,0
1,4,144,67.458,47.432,3.060815047,1.245916228,-1.572073662,0,0.048000645,0.000292888,67.458,47.432,0,114.8231597,4,4,1,0,0,,,TRUE,67.45604516,45.90159372,67.45995484,48.96240628,FALSE,4,TRUE,"[1218, 1229]",FALSE,FALSE,16,FALSE,15,0,0,,,,,,,,,,782.8794825,0,0,1,0.848,3.060815047,8.004924621,"[67.458, 47.432]",0.083333333,0.622958114,"[-0.0012773347706853489, -0.999999184207609]","[[67.45604515725681, 45.90159372491373], [67.45995484274319, 48.96240627508627]]",0,0,0.048000645,0.000292888,0
1,5,103,40.62617476,47.84994175,1.992590719,1.369199275,-1.479941959,0,0.000120294,0.111633227,40.62617476,47.84994175,0,53.75976996,5,5,1,0,0,,,TRUE,40.71656806,46.85775553,40.53578145,48.84212797,FALSE,5,FALSE,,FALSE,FALSE,0,FALSE,98,0,0,,,,,,,,,,-10.97632401,0,0,1,-0.009,1.992590719,2.299517228,"[40.62617475728155, 47.849941747572814]",0.083333333,0.684599638,"[0.09072942629068614, -0.9958755801830683]","[[40.71656806364953, 46.85775552856743], [40.53578145091356, 48.8421279665782]]",0,0,0.000120294,0.111633227,0
1,6,135,21.3888,48.7328,2.529714154,1.420098384,-1.51776302,0,0.002223974,0.119004999,21.3888,48.7328,0,121.2670277,6,6,1,0,0,,,TRUE,21.45584811,47.46972123,21.32175189,49.99587877,FALSE,6,TRUE,"[36844, 36857]",FALSE,FALSE,92,FALSE,91,0,0,,,,,,,,,,-18.83839382,0,0,1,0.056,2.529714154,4.077211897,"[21.3888, 48.7328]",0.083333333,0.710049192,"[0.053008450375623344, -0.9985940637660405]","[[21.455848113588655, 47.469721231579115], [21.321751886411345, 49.99587876842088]]",0,0,0.002223974,0.119004999,0
1,7,136,17.88458824,49.21305882,2.87046963,1.256428709,-2.277984972,0,0.050781576,0.001201872,17.88458824,49.21305882,0,56.44405293,7,7,1,0,0,,,TRUE,16.95211736,48.12200564,18.81705911,50.30411201,FALSE,7,TRUE,"[920, 928]",FALSE,FALSE,13,FALSE,12,0,0,,,,,,,,,,1.170066769,0,0,1,0.625,2.87046963,5.265241222,"[17.884588235294117, 49.21305882352941]",0.083333333,0.628214355,"[-0.6496991733447984, -0.7601914128396121]","[[16.952117362543866, 48.122005641887746], [18.81705910804437, 50.30411200517107]]",0,0,0.050781576,0.001201872,0
1,8,175,68.27410286,49.78861714,3.347788624,1.385148877,-1.545151731,0,0.042615048,0.000387492,68.27410286,49.78861714,0,42.53437015,8,8,1,0,0,,,TRUE,68.3170245,48.11527322,68.23118122,51.46196107,FALSE,8,TRUE,"[422, 432]",FALSE,FALSE,7,FALSE,6,0,0,,,,,,,,,,-38.98602148,0,0,1,0.724,3.347788624,4.537846138,"[68.27410285714285, 49.788617142857134]",0.083333333,0.692574439,"[0.025641785371899182, -0.9996711953652268]","[[68.31702449582089, 48.1152732152798], [68.23118121846481, 51.46196107043447]]",0,0,0.042615048,0.000387492,0
1,9,222,25.04302703,50.58745946,4.348020886,1.376026581,-2.133857447,0,0.043494262,0.000702465,25.04302703,50.58745946,0,65.93817001,9,9,1,0,0,,,TRUE,23.8825897,48.74906162,26.20346435,52.4258573,FALSE,9,TRUE,"[208, 215]",FALSE,FALSE,4,FALSE,3,0,0,,,,,,,,,,1.584228462,0,0,1,0.569,4.348020886,4.780613788,"[25.043027027027026, 50.58745945945945]",0.083333333,0.68801329,"[-0.5337772548262969, -0.8456251192047824]","[[23.882589700901296, 48.74906161960754], [26.203464353152757, 52.42585729931137]]",0,0,0.043494262,0.000702465,0
1,10,104,40.76446154,49.63153846,2.003719785,1.377633162,-1.689490265,0,0.000290508,0.115744377,40.76446154,49.63153846,0,110.9028992,10,10,1,0,0,,,TRUE,40.64582586,48.63672751,40.88309721,50.62634941,FALSE,10,FALSE,,FALSE,FALSE,0,FALSE,23,0,0,,,,,,,,,,8.385428246,0,0,1,0.207,2.003719785,3.079584583,"[40.76446153846153, 49.63153846153846]",0.083333333,0.688816581,"[-0.11841543585899139, -0.9929641406165306]","[[40.64582586261777, 48.636727514332726], [40.883097214305295, 50.6263494087442]]",0,0,0.000290508,0.115744377,0
1,11,132,60.76472727,49.95709091,2.509699894,1.393179239,-1.518659535,0,0.000338473,0.084928018,60.76472727,49.95709091,0,4.807937221,11,11,1,0,0,,,TRUE,60.83012149,48.70394607,60.69933306,51.21023575,FALSE,11,TRUE,"[1226, 1237]",FALSE,FALSE,16,FALSE,15,0,0,,,,,,,,,,-19.16293135,0,0,1,0.512,2.509699894,4.491739587,"[60.76472727272728, 49.95709090909091]",0.083333333,0.696589619,"[0.05211317448651989, -0.9986411853338203]","[[60.830121486974996, 48.70394607050106], [60.69933305847956, 51.210235747680755]]",0,0,0.000338473,0.084928018,0
1,12,203,47.13552709,51.08027586,4.699490228,1.156540638,-2.102797658,0,0.061034284,0.012058386,47.13552709,51.08027586,0,172.5178293,12,12,1,0,0,,,TRUE,45.94359752,49.05528055,48.32745666,53.10527117,FALSE,12,TRUE,"[280, 287]",FALSE,FALSE,5,FALSE,4,0,0,,,,,,,,,,1.69892195,0,0,1,0.727,4.699490228,5.619615545,"[47.13552709359605, 51.08027586206896]",0.083333333,0.578270319,"[-0.5072590905996709, -0.8617936034828727]","[[45.94359752386283, 49.055280552898935], [48.32745666332928, 53.10527117123898]]",0,0,0.061034284,0.012058386,0
1,13,152,45.99,51.17589474,3.578584721,1.14882597,-2.158338962,0,0.069807215,0.001967611,45.99,51.17589474,0,116.961083,13,13,1,0,0,,,TRUE,44.99816407,49.68665713,46.98183593,52.66513234,FALSE,13,TRUE,"[1022, 1037]",FALSE,FALSE,14,FALSE,13,0,0,,,,,,,,,,1.501495931,0,0,1,0.715,3.578584721,7.283867514,"[45.989999999999995, 51.175894736842096]",0.083333333,0.574412985,"[-0.5543174203675862, -0.8323053511044037]","[[44.99816407437871, 49.68665713040937], [46.98183592562128, 52.66513234327482]]",0,0,0.069807215,0.001967611,0
1,14,153,48.47152941,51.14352941,3.094467653,1.313394986,-2.031986895,0,0.00955115,0.098263713,48.47152941,51.14352941,0,3.457904113,14,14,1,0,0,,,TRUE,47.78298776,49.75794545,49.16007106,52.52911337,FALSE,14,TRUE,"[355, 361]",FALSE,FALSE,6,FALSE,5,0,0,,,,,,,,,,2.012345895,0,0,1,0.516,3.094467653,3.660156579,"[48.471529411764706, 51.1435294117647]",0.083333333,0.656697493,"[-0.4450146040945583, -0.8955233118923056]","[[47.782987763128425, 49.75794545139757], [49.16007106040099, 52.52911337213184]]",0,0,0.00955115,0.098263713,0
1,15,144,21.088,51.165,2.792091948,1.361804153,-1.313761233,0,0.003744818,0.126555785,21.088,51.165,0,92.17687749,15,15,1,0,0,,,TRUE,21.44289467,49.814817,20.73310533,52.515183,FALSE,15,FALSE,,FALSE,FALSE,0,FALSE,51,0,0,,,,,,,,,,-3.804461209,0,0,1,0.005,2.792091948,2.91824602,"[21.088, 51.165]",0.083333333,0.680902077,"[0.25421417019080594, -0.9671479492167679]","[[21.442894668878772, 49.8148169990428], [20.73310533112123, 52.5151830009572]]",0,0,0.003744818,0.126555785,0
1,16,105,19.48251429,51.02811429,2.31393973,1.202419215,-2.393254727,0,0.049304371,0.009944232,19.48251429,51.02811429,0,136.2331469,16,16,1,0,0,,,TRUE,18.63466271,50.24088689,20.33036586,51.81534169,FALSE,16,TRUE,"[1574, 1589]",FALSE,FALSE,19,FALSE,18,0,0,,,,,,,,,,0.928496716,0,0,1,0.59,2.31393973,5.677629112,"[19.482514285714284, 51.02811428571429]",0.083333333,0.601209608,"[-0.7328207915146561, -0.6804216983046859]","[[18.63466271331418, 50.24088688512376], [20.330365858114387, 51.81534168630482]]",0,0,0.049304371,0.009944232,0
1,17,159,45.56286792,52.22309434,4.046937078,1.078328588,-2.304175533,0,0.057604632,0.013645213,45.56286792,52.22309434,0,168.1281903,17,17,1,0,0,,,TRUE,44.20839062,50.71982585,46.91734523,53.72636283,FALSE,17,TRUE,"[588, 595]",FALSE,FALSE,9,FALSE,8,0,0,,,,,,,,,,1.109851372,0,0,1,0.349,4.046937078,4.955373673,"[45.5628679245283, 52.22309433962264]",0.083333333,0.539164294,"[-0.6693839204344417, -0.7429166622601872]","[[44.208390620996354, 50.719825846417656], [46.91734522806024, 53.726362832827625]]",0,0,0.057604632,0.013645213,0
1,18,125,61.423488,51.96096,2.395258063,1.384453059,-2.61415032,0,0.000188968,0.092927688,61.423488,51.96096,0,167.9004926,18,18,1,0,0,,,TRUE,60.38862007,51.35816347,62.45835593,52.56375653,FALSE,18,TRUE,"[671, 675]",FALSE,FALSE,10,FALSE,9,0,0,,,,,,,,,,0.582486436,0,0,1,0.692,2.395258063,3.819822343,"[61.423488, 51.96095999999999]",0.083333333,0.69222653,"[-0.8640972327184895, -0.5033249173329775]","[[60.38862006825296, 51.35816346683852], [62.458355931747036, 52.56375653316147]]",0,0,0.000188968,0.092927688,0
1,19,135,50.2912,52.99413333,2.882836847,1.253405223,-2.235601037,0,0.001750605,0.105526875,50.2912,52.99413333,0,28.71490154,19,19,1,0,0,,,TRUE,49.40198113,51.8596833,51.18041887,54.12858336,FALSE,19,TRUE,"[847, 854]",FALSE,FALSE,12,FALSE,11,0,0,,,,,,,,,,1.275782672,0,0,1,0.64,2.882836847,4.992494328,"[50.291199999999996, 52.99413333333333]",0.083333333,0.626702611,"[-0.6169054440625169, -0.7870372755378419]","[[49.40198112722227, 51.859683304202306], [51.18041887277772, 54.128583362464354]]",0,0,0.001750605,0.105526875,0
1,20,190,45.32892632,53.50812632,3.719589412,1.386651168,-2.353262791,0,0.010275907,0.114249919,45.32892632,53.50812632,0,5.507672161,20,20,1,0,0,,,TRUE,44.01771391,52.18920313,46.64013872,54.82704951,FALSE,20,TRUE,"[83, 87]",FALSE,FALSE,2,FALSE,1,0,0,14.01006497,1.055081999,0.205359077,,,,,0.531437499,,1.005880655,0,0,1,,3.719589412,3.719589412,"[45.328926315789474, 53.508126315789475]",0.083333333,0.693325584,"[-0.7050307213849637, -0.7091767635106199]","[[44.01771391250139, 52.18920312530472], [46.640138719077555, 54.82704950627423]]",0,0,0.010275907,0.114249919,0
1,21,147,48.096,53.96767347,3.32770987,1.174495293,-2.283580879,0,0.056226278,0.025779235,48.096,53.96767347,0,23.44931507,21,21,1,0,0,,,TRUE,47.00793381,52.70889421,49.18406619,55.22645273,FALSE,21,TRUE,"[767, 770]",FALSE,FALSE,11,FALSE,10,0,0,,,,,,,,,,1.15689585,0,0,1,0.714,3.32770987,5.80473702,"[48.096, 53.96767346938775]",0.083333333,0.587247647,"[-0.6539429396224388, -0.7565438729630711]","[[47.00793381275826, 52.70889421288061], [49.18406618724173, 55.22645272589489]]",0,0,0.056226278,0.025779235,0
1,22,166,49.55681928,53.95575904,3.258598084,1.362658676,-2.307208339,0,0.006979072,0.172678446,49.55681928,53.95575904,0,127.8357834,22,22,1,0,0,,,TRUE,48.46252671,52.74863885,50.65111185,55.16287922,FALSE,22,FALSE,,FALSE,FALSE,0,FALSE,27,0,0,,,,,,,,,,1.103105531,0,0,1,-0.025,3.258598084,2.765460386,"[49.55681927710843, 53.95575903614457]",0.083333333,0.681329338,"[-0.6716339609334179, -0.740883136885223]","[[48.46252670803373, 52.748638851037335], [50.651111846183134, 55.162879221251806]]",0,0,0.006979072,0.172678446,0
1,23,207,61.57147826,53.34608696,4.056191048,1.375681891,-3.07302636,0,4.95E-05,0.081978248,61.57147826,53.34608696,0,7.291570142,23,23,1,0,0,,,TRUE,59.54814825,53.2071369,63.59480827,53.48503701,FALSE,23,TRUE,"[150, 152]",FALSE,FALSE,3,FALSE,2,0,0,,,,,,,,,,0.068673947,0,0,1,0.669,4.056191048,4.288628469,"[61.571478260869576, 53.346086956521745]",0.083333333,0.687840946,"[-0.9976502524828504, -0.06851258074912012]","[[59.54814824949602, 53.2071368981808], [63.59480827224313, 53.48503701486269]]",0,0,4.95E-05,0.081978248,0
1,24,160,25.4502,56.4813,3.539119266,1.203949144,-1.119509158,0,0.055451286,0.007743954,25.4502,56.4813,0,36.33187438,24,24,1,0,0,,,TRUE,26.22194778,54.88889721,24.67845222,58.07370279,FALSE,24,TRUE,"[681, 686]",FALSE,FALSE,10,FALSE,9,0,0,,,,,,,,,,-2.06337204,0,0,1,0.789,3.539119266,6.130942433,"[25.4502, 56.4813]",0.083333333,0.601974572,"[0.43612420099818433, -0.8998864824541456]","[[26.221947781055327, 54.888897206378], [24.67845221894467, 58.073702793622]]",0,0,0.055451286,0.007743954,0
1,25,292,30.34405479,57.57484932,5.437691288,1.477406635,-2.603858913,0,0.041689739,0.000442094,30.34405479,57.57484932,0,17.66697362,25,25,1,0,0,,,TRUE,28.00891537,56.18228136,32.67919422,58.96741727,FALSE,25,TRUE,"[89, 93]",FALSE,FALSE,2,FALSE,1,0,0,15.23591801,1.051331188,0.30605301,,,,,0.55342472,,0.596353235,0,0,1,,5.437691288,5.437691288,"[30.344054794520545, 57.574849315068484]",0.083333333,0.738703318,"[-0.8588716430999194, -0.5121908830493225]","[[28.008915369126775, 56.18228136391472], [32.679194219914315, 58.96741726622225]]",0,0,0.041689739,0.000442094,0
1,26,136,41.66258824,57.23258824,2.560566028,1.402057213,-0.204815485,0,0.000203753,0.109791356,41.66258824,57.23258824,0,40.80673782,26,26,1,0,0,,,TRUE,42.91611145,56.97219595,40.40906502,57.49298052,FALSE,26,TRUE,"[769, 772]",FALSE,FALSE,11,FALSE,10,0,0,,,,,,,,,,-0.207728333,0,0,1,0.539,2.560566028,3.881422902,"[41.662588235294116, 57.23258823529411]",0.083333333,0.701028606,"[0.9790985289883679, -0.20338650528689006]","[[42.91611145085835, 56.97219594732589], [40.40906501972988, 57.492980523262325]]",0,0,0.000203753,0.109791356,0
1,27,125,25.997184,57.960576,2.461054781,1.341848299,-1.272273179,0,0.009249165,0.102187106,25.997184,57.960576,0,118.734765,27,27,1,0,0,,,TRUE,26.35909317,56.78447251,25.63527483,59.13667949,FALSE,27,TRUE,"[9300, 9323]",FALSE,FALSE,51,FALSE,50,0,0,,,,,,,,,,-3.249720023,0,0,1,0.089,2.461054781,5.774693568,"[25.997183999999997, 57.960575999999996]",0.083333333,0.670924149,"[0.29410899398461754, -0.9557718868314532]","[[26.359093172934934, 56.78447251403953], [25.63527482706506, 59.136679485960464]]",0,0,0.009249165,0.102187106,0
1,28,122,43.52104918,58.11580328,2.389791756,1.359046925,-1.908970417,0,0.000311684,0.114942961,43.52104918,58.11580328,0,57.46928086,28,28,1,0,0,,,TRUE,43.12462437,56.9885839,43.91747399,59.24302266,FALSE,28,TRUE,"[1375, 1384]",FALSE,FALSE,17,FALSE,16,0,0,,,,,,,,,,2.843463225,0,0,1,0.461,2.389791756,4.230351144,"[43.521049180327864, 58.11580327868853]",0.083333333,0.679523462,"[-0.3317651526487, -0.943362010835705]","[[43.124624367031785, 56.98858390067221], [43.91747399362394, 59.24302265670485]]",0,0,0.000311684,0.114942961,0
1,29,115,49.9104,58.71693913,2.396976887,1.277044189,-2.175009454,0,0.002301326,0.144551502,49.9104,58.71693913,0,53.43079161,29,29,1,0,0,,,TRUE,49.2295211,57.7306438,50.5912789,59.70323446,FALSE,29,TRUE,"[2432, 2443]",FALSE,FALSE,25,FALSE,24,0,0,,,,,,,,,,1.448562046,0,0,1,0.36,2.396976887,4.84391129,"[49.9104, 58.71693913043479]",0.083333333,0.638522094,"[-0.5681146959395238, -0.8229493862064315]","[[49.229521102201474, 57.730643801289034], [50.59127889779853, 59.70323445958054]]",0,0,0.002301326,0.144551502,0
1,30,134,42.36931343,58.83689552,2.250666854,1.578510921,-2.091706142,0,0.000190396,0.179041165,42.36931343,58.83689552,0,81.72398131,30,30,1,0,0,,,TRUE,41.80926932,57.86081872,42.92935754,59.81297232,FALSE,30,FALSE,,FALSE,FALSE,0,FALSE,44,0,0,,,,,,,,,,1.742857002,0,0,1,-0.037,2.250666854,2.004845139,"[42.36931343283582, 58.83689552238806]",0.083333333,0.78925546,"[-0.49766948758487844, -0.867366751222921]","[[41.80926932282736, 57.86081872371409], [42.92935754284427, 59.812972321062034]]",0,0,0.000190396,0.179041165,0
1,31,167,24.54380838,59.63410778,3.371049717,1.315818832,-1.395352523,0,0.049712615,0.009948882,24.54380838,59.63410778,0,79.54331466,31,31,1,0,0,,,TRUE,24.83800857,57.97445713,24.2496082,61.29375844,FALSE,31,TRUE,"[866, 874]",FALSE,FALSE,12,FALSE,11,0,0,,,,,,,,,,-5.641229194,0,0,1,0.787,3.371049717,6.49139397,"[24.543808383233532, 59.63410778443113]",0.083333333,0.657909416,"[0.17454514578221106, -0.9846491720830657]","[[24.83800856538984, 57.97445712792793], [24.249608201077226, 61.29375844093433]]",0,0,0.049712615,0.009948882,0
1,32,124,52.04903226,58.968,2.349435015,1.400139991,-2.367361685,0,0.045533414,0.009286345,52.04903226,58.968,0,57.83546545,32,32,1,0,0,,,TRUE,51.20915749,58.14667692,52.88890703,59.78932308,FALSE,32,FALSE,,FALSE,FALSE,0,FALSE,58,0,0,,,,,,,,,,0.977911361,0,0,1,-0.035,2.349435015,1.731203193,"[52.04903225806451, 58.967999999999996]",0.083333333,0.700069996,"[-0.7149589261464656, -0.6991664565205432]","[[51.20915749024498, 58.146676922739616], [52.88890702588403, 59.78932307726038]]",0,0,0.045533414,0.009286345,0
1,33,162,49.35822222,60.056,3.092254561,1.389421001,-2.063093925,0,0.000724521,0.19694763,49.35822222,60.056,0,79.39800457,33,33,1,0,0,,,TRUE,48.62744224,58.69347654,50.0890022,61.41852346,FALSE,33,FALSE,,FALSE,FALSE,0,FALSE,9,0,0,,,,,,,,,,1.86447836,0,0,1,-0.064,3.092254561,2.953669896,"[49.35822222222222, 60.05599999999999]",0.083333333,0.694710501,"[-0.4726518904408401, -0.8812492215387768]","[[48.627442240255576, 58.693476537703944], [50.08900220418886, 61.41852346229604]]",0,0,0.000724521,0.19694763,0
1,34,174,25.98455172,60.48331034,3.108537863,1.477692146,-1.436945557,0,0.002540715,0.106590407,25.98455172,60.48331034,0,59.7709623,34,34,1,0,0,,,TRUE,26.19197116,58.9429438,25.77713228,62.02367689,FALSE,34,FALSE,,FALSE,FALSE,0,FALSE,25,0,0,,,,,,,,,,-7.426336412,0,0,1,-0.032,3.108537863,2.896419992,"[25.984551724137923, 60.48331034482759]",0.083333333,0.738846073,"[0.13345144860896557, -0.9910553520687776]","[[26.191971164589038, 58.94294380160238], [25.777132283686807, 62.023676888052805]]",0,0,0.002540715,0.106590407,0
1,35,84,50.91085714,60.38057143,1.733162297,1.279109975,-2.220029136,0,0.002571508,0.131300978,50.91085714,60.38057143,0,117.0526309,35,35,1,0,0,,,TRUE,50.38694343,59.69029807,51.43477086,61.07084479,FALSE,35,FALSE,,FALSE,FALSE,0,FALSE,82,0,0,,,,,,,,,,1.317532524,0,0,1,-0.004,1.733162297,2.008770544,"[50.91085714285714, 60.38057142857142]",0.083333333,0.639554988,"[-0.6045754795426319, -0.7965478576556444]","[[50.38694342940097, 59.69029807119736], [51.43477085631331, 61.07084478594548]]",0,0,0.002571508,0.131300978,0
1,36,120,53.7864,60.3516,2.43007324,1.306821384,-2.667919234,0,0.046733807,0.001863635,53.7864,60.3516,0,39.11025756,36,36,1,0,0,,,TRUE,52.70514057,59.79735093,54.86765943,60.90584907,FALSE,36,TRUE,"[1066, 1067]",FALSE,FALSE,14,FALSE,13,0,0,,,,,,,,,,0.512595827,0,0,1,0.666,2.43007324,4.61301834,"[53.78639999999999, 60.3516]",0.083333333,0.653410692,"[-0.8898986353381402, -0.45615832648688526]","[[52.705140570064636, 59.79735092884589], [54.86765942993535, 60.90584907115411]]",0,0,0.046733807,0.001863635,0
1,37,146,35.01369863,63.39649315,3.100115362,1.251334082,-1.852522816,0,0.050581359,0.000486616,35.01369863,63.39649315,0,98.10005006,37,37,1,0,0,,,TRUE,34.58276014,61.90754358,35.44463712,64.88544272,FALSE,37,TRUE,"[615, 618]",FALSE,FALSE,9,FALSE,8,0,0,,,,,,,,,,3.455132457,0,0,1,0.781,3.100115362,5.016234544,"[35.013698630136986, 63.39649315068493]",0.083333333,0.625667041,"[-0.27801448805602996, -0.9605768810620748]","[[34.58276013744131, 61.907543577813115], [35.44463712283266, 64.88544272355675]]",0,0,0.050581359,0.000486616,0
1,38,194,19.81484536,64.47043299,3.607730007,1.446558229,-2.529900803,0,0.000502761,0.136012629,19.81484536,64.47043299,0,31.5870946,38,38,1,0,0,,,TRUE,18.33806142,63.43455745,21.2916293,65.50630853,FALSE,38,TRUE,"[170, 172]",FALSE,FALSE,3,FALSE,2,0,0,,,,,,,,,,0.701440144,0,0,1,0.562,3.607730007,3.78064197,"[19.81484536082474, 64.47043298969072]",0.083333333,0.723279114,"[-0.8186776393588551, -0.5742533611689291]","[[18.33806141791947, 63.43455744825319], [21.291629303730012, 65.50630853112825]]",0,0,0.000502761,0.136012629,0
1,39,213,18.16090141,66.13115493,4.011904659,1.413193312,-1.408639163,0,0.003402547,0.14402081,18.16090141,66.13115493,0,178.3624412,39,39,1,0,0,,,TRUE,18.48475729,64.15151806,17.83704553,68.11079179,FALSE,39,TRUE,"[4545, 4552]",FALSE,FALSE,36,FALSE,35,0,0,,,,,,,,,,-6.112709372,0,0,1,0.008,4.011904659,4.072842389,"[18.160901408450705, 66.13115492957746]",0.083333333,0.706596656,"[0.16144744518477094, -0.9868813112240551]","[[18.484757287248662, 64.15151806415685], [17.837045529652748, 68.11079179499808]]",0,0,0.003402547,0.14402081,0
1,40,191,28.4019267,65.75673298,3.553100961,1.441585165,-1.011727921,0,0.000198767,0.091859632,28.4019267,65.75673298,0,45.62260339,40,40,1,0,0,,,TRUE,29.34420316,64.25066304,27.45965024,67.26280293,FALSE,40,TRUE,"[173, 178]",FALSE,FALSE,3,FALSE,2,0,0,,,,,,,,,,-1.59833129,0,0,1,0.532,3.553100961,3.714021582,"[28.40192670157068, 65.7567329842932]",0.083333333,0.720792582,"[0.530396669699187, -0.847749593200735]","[[29.344203160080387, 64.2506630369889], [27.459650243060974, 67.26280293159749]]",0,0,0.000198767,0.091859632,0
1,41,161,36.27279503,65.7901118,3.252018119,1.32248685,-1.794331878,0,0.052238172,0.00048336,36.27279503,65.7901118,0,148.1281053,41,41,1,0,0,,,TRUE,35.91234364,64.20455819,36.63324642,67.37566541,FALSE,41,TRUE,"[1173, 1180]",FALSE,FALSE,15,FALSE,14,0,0,,,,,,,,,,4.398800094,0,0,1,0.721,3.252018119,7.402659727,"[36.2727950310559, 65.79011180124225]",0.083333333,0.661243425,"[-0.22167858704338497, -0.9751197895881554]","[[35.91234364024285, 64.20455818934744], [36.63324642186895, 67.37566541313706]]",0,0,0.052238172,0.00048336,0
1,42,127,16.89222047,65.84314961,2.780737599,1.214422651,-1.61405045,0,0.030694905,0.010176206,16.89222047,65.84314961,0,0.795336629,42,42,1,0,0,,,TRUE,16.83210004,64.45408124,16.9523409,67.23221797,FALSE,42,FALSE,,FALSE,FALSE,0,FALSE,102,0,0,,,,,,,,,,23.10476339,0,0,1,-0.014,2.780737599,2.648234951,"[16.892220472440947, 65.8431496062992]",0.083333333,0.607211325,"[-0.043240636981675344, -0.9990646862508048]","[[16.832100039919982, 64.4540812380586], [16.95234090496191, 67.23221797453981]]",0,0,0.030694905,0.010176206,0
1,43,123,19.3662439,66.36878049,2.55679532,1.281474102,-1.329146605,0,0.000666435,0.171756046,19.3662439,66.36878049,0,178.5687556,43,43,1,0,0,,,TRUE,19.67217052,65.1275273,19.06031728,67.61003368,FALSE,43,FALSE,,FALSE,FALSE,0,FALSE,33,0,0,,,,,,,,,,-4.057355948,0,0,1,0.033,2.55679532,2.618201135,"[19.366243902439024, 66.36878048780487]",0.083333333,0.640737051,"[0.2393047399214918, -0.9709445099752648]","[[19.672170521934206, 65.12752729845481], [19.060317282943842, 67.61003367715493]]",0,0,0.000666435,0.171756046,0
1,44,206,50.12598058,66.80132039,3.921069568,1.391769869,-0.775617551,0,2.49E-05,0.149767449,50.12598058,66.80132039,0,13.46280852,44,44,1,0,0,,,TRUE,51.52578044,65.42863797,48.72618073,68.1740028,FALSE,44,FALSE,,FALSE,FALSE,0,FALSE,68,0,0,,,,,,,,,,-0.980627632,0,0,1,0,3.921069568,4.034413453,"[50.12598058252428, 66.80132038834951]",0.083333333,0.695884935,"[0.7139887872866704, -0.7001571335271175]","[[51.52578043528855, 65.4286379738992], [48.72618072976, 68.17400280279982]]",0,0,2.49E-05,0.149767449,0
1,45,115,20.93885217,66.6381913,2.383655314,1.27449358,-2.255664515,0,0.000374709,0.106569009,20.93885217,66.6381913,0,78.12214834,45,45,1,0,0,,,TRUE,20.18493665,65.71511788,21.6927677,67.56126473,FALSE,45,TRUE,"[789, 795]",FALSE,FALSE,11,FALSE,10,0,0,,,,,,,,,,1.224372477,0,0,1,0.688,2.383655314,4.087088751,"[20.93885217391304, 66.63819130434783]",0.083333333,0.63724679,"[-0.6325709283415513, -0.7745024342228422]","[[20.18493664638214, 65.71511788268118], [21.69276770144394, 67.56126472601447]]",0,0,0.000374709,0.106569009,0
1,46,90,26.8448,67.6224,1.81440645,1.317019526,-1.22170322,0,8.68E-05,0.098691963,26.8448,67.6224,0,111.9787753,46,46,1,0,0,,,TRUE,27.15510501,66.76991628,26.53449499,68.47488372,FALSE,46,TRUE,"[1406, 1411]",FALSE,FALSE,17,FALSE,16,0,0,,,,,,,,,,-2.747244433,0,0,1,0.54,1.81440645,3.592803252,"[26.844800000000003, 67.6224]",0.083333333,0.658509763,"[0.34204575569304424, -0.9396832982512642]","[[27.155105012725457, 66.76991628117429], [26.53449498727455, 68.47488371882571]]",0,0,8.68E-05,0.098691963,0
1,47,148,28.59372973,67.65372973,2.94834011,1.336423965,-0.491934857,0,5.28E-05,0.104382433,28.59372973,67.65372973,0,83.20024707,47,47,1,0,0,,,TRUE,29.8930936,66.95743175,27.29436585,68.35002771,FALSE,47,TRUE,"[395, 398]",FALSE,FALSE,6,FALSE,5,0,0,,,,,,,,,,-0.535876047,0,0,1,0.735,2.94834011,3.695942371,"[28.593729729729734, 67.65372972972973]",0.083333333,0.668211982,"[0.8814206138736245, -0.47233219394684817]","[[29.89309360462694, 66.95743175336601], [27.294365854832527, 68.35002770609346]]",0,0,5.28E-05,0.104382433,0
1,48,104,20.448,67.878,2.229229277,1.233088019,-2.18725687,0,0.000599797,0.114149222,20.448,67.878,0,150.9291431,48,48,1,0,0,,,TRUE,19.80358461,66.96855259,21.09241539,68.78744741,FALSE,48,TRUE,"[710, 716]",FALSE,FALSE,10,FALSE,9,0,0,,,,,,,,,,1.411275133,0,0,1,0.649,2.229229277,3.451971312,"[20.447999999999997, 67.878]",0.083333333,0.616544009,"[-0.5781508395263216, -0.8159299030891131]","[[19.803584611084595, 66.9685525861423], [21.0924153889154, 68.7874474138577]]",0,0,0.000599797,0.114149222,0
1,49,300,18.14352,69.09216,5.943414616,1.381117594,-2.414977338,0,0.008934259,0.156669872,18.14352,69.09216,0,178.0268919,49,49,1,0,0,,,TRUE,15.92238491,67.11792515,20.36465509,71.06639485,FALSE,49,TRUE,"[7156, 7158]",FALSE,FALSE,45,FALSE,44,0,0,,,,,,,,,,0.888840512,0,0,1,-0.014,5.943414616,5.537059879,"[18.143520000000002, 69.09215999999999]",0.083333333,0.690558797,"[-0.7474272729556458, -0.6643436397242669]","[[15.922384910830893, 67.1179251508718], [20.364655089169112, 71.06639484912819]]",0,0,0.008934259,0.156669872,0
1,50,160,19.4814,68.67,3.056152319,1.399098296,-2.476626511,0,0.002751583,0.162046998,19.4814,68.67,0,158.1827235,50,50,1,0,0,,,TRUE,18.2788993,67.72712736,20.6839007,69.61287264,FALSE,50,FALSE,,FALSE,FALSE,0,FALSE,22,0,0,,,,,,,,,,0.78409321,0,0,1,-0.026,3.056152319,3.33397352,"[19.481399999999997, 68.67]",0.083333333,0.699549148,"[-0.7869376767341265, -0.6170324893685059]","[[18.278899297048003, 67.7271273632632], [20.68390070295199, 69.61287263673681]]",0,0,0.002751583,0.162046998,0
1,51,118,22.032,68.58305085,2.303944969,1.353347831,-2.002615821,0,0.00042777,0.096339258,22.032,68.58305085,0,81.76861247,51,51,1,0,0,,,TRUE,21.5498719,67.53682281,22.5141281,69.62927888,FALSE,51,TRUE,"[1088, 1093]",FALSE,FALSE,14,FALSE,13,0,0,,,,,,,,,,2.170020877,0,0,1,0.569,2.303944969,4.15505333,"[22.032, 68.58305084745763]",0.083333333,0.676673915,"[-0.418523969615829, -0.9082057513895233]","[[21.54987190282469, 67.53682281143132], [22.51412809717531, 69.62927888348393]]",0,0,0.00042777,0.096339258,0
1,52,246,16.74965854,69.58536585,5.229060851,1.303147849,-2.532576782,0,0.065461453,0.032525288,16.74965854,69.58536585,0,93.02975155,52,52,1,0,0,,,TRUE,14.60519089,68.08969616,18.89412619,71.08103555,FALSE,52,TRUE,"[325, 331]",FALSE,FALSE,5,FALSE,4,0,0,,,,,,,,,,0.697455006,0,0,1,0.641,5.229060851,6.132267759,"[16.749658536585365, 69.58536585365853]",0.083333333,0.651573924,"[-0.8202113959886185, -0.5720605439028299]","[[14.605190886414581, 68.08969615638485], [18.894126186756147, 71.08103555093221]]",0,0,0.065461453,0.032525288,0
1,53,104,26.12076923,69.32769231,2.203340321,1.246067717,-1.137935399,0,3.70E-05,0.095817267,26.12076923,69.32769231,0,88.16453537,53,53,1,0,0,,,TRUE,26.58288635,68.32762985,25.65865211,70.32775476,FALSE,53,TRUE,"[993, 996]",FALSE,FALSE,13,FALSE,12,0,0,,,,,,,,,,-2.164088746,0,0,1,0.611,2.203340321,3.923203186,"[26.120769230769234, 69.3276923076923]",0.083333333,0.623033859,"[0.41946957839693977, -0.9077693940640947]","[[26.582886348470016, 68.3276298537593], [25.658652113068452, 70.3277547616253]]",0,0,3.70E-05,0.095817267,0
1,54,139,27.25640288,69.76748201,2.717575568,1.358077852,-0.974851991,0,6.63E-05,0.095814802,27.25640288,69.76748201,0,57.96841093,54,54,1,0,0,,,TRUE,28.01907763,68.64292367,26.49372813,70.89204036,FALSE,54,TRUE,"[804, 809]",FALSE,FALSE,11,FALSE,10,0,0,,,,,,,,,,-1.474492691,0,0,1,0.714,2.717575568,4.599559936,"[27.25640287769784, 69.76748201438849]",0.083333333,0.679038926,"[0.5612905549437057, -0.8276188210347726]","[[28.019077626947684, 68.64292367067922], [26.493728128447998, 70.89204035809776]]",0,0,6.63E-05,0.095814802,0
1,55,123,21.05443902,70.13385366,2.496903459,1.311798925,-1.157000641,0,0.00077759,0.087820013,21.05443902,70.13385366,0,79.28467725,55,55,1,0,0,,,TRUE,21.55642592,68.99076973,20.55245213,71.27693759,FALSE,55,TRUE,"[720, 723]",FALSE,FALSE,10,FALSE,9,0,0,,,,,,,,,,-2.277119058,0,0,1,0.715,2.496903459,3.932154627,"[21.054439024390245, 70.13385365853658]",0.083333333,0.655899462,"[0.4020875505284729, -0.9156012241745927]","[[21.55642592235615, 68.99076972645985], [20.55245212642434, 71.27693759061331]]",0,0,0.00077759,0.087820013,0
1,56,191,17.25512042,71.29658639,3.750871009,1.35524828,-2.418398915,0,0.013306187,0.170032479,17.25512042,71.29658639,0,38.40592144,56,56,1,0,0,,,TRUE,15.84911393,70.05545622,18.66112691,72.53771655,FALSE,56,TRUE,"[7162, 7168]",FALSE,FALSE,45,FALSE,44,0,0,,,,,,,,,,0.882734308,0,0,1,-0.005,3.750871009,3.654206186,"[17.25512041884817, 71.29658638743454]",0.083333333,0.67762414,"[-0.7496959961911351, -0.6617823760836953]","[[15.849113929905476, 70.05545622298271], [18.661126907790862, 72.53771655188639]]",0,0,0.013306187,0.170032479,0
1,57,183,19.16459016,73.79488525,3.055398796,1.591397764,-1.646927896,0,0.000601356,0.168036352,19.16459016,73.79488525,0,64.69405193,57,57,1,0,0,,,TRUE,19.04839633,72.271611,19.280784,75.3181595,FALSE,57,FALSE,,FALSE,FALSE,0,FALSE,48,0,0,,,,,,,,,,13.10976851,0,0,1,-0.03,3.055398796,2.743135817,"[19.164590163934424, 73.79488524590163]",0.083333333,0.795698882,"[-0.07605804714131574, -0.997103391562304]","[[19.04839633111892, 72.27161099506922], [19.28078399674993, 75.31815949673403]]",0,0,0.000601356,0.168036352,0
1,58,134,35.71522388,73.51844776,2.452893058,1.440519017,-1.920453452,0,2.14E-05,0.111534796,35.71522388,73.51844776,0,152.6038004,58,58,1,0,0,,,TRUE,35.2950731,72.36621323,36.13537466,74.67068229,FALSE,58,TRUE,"[1101, 1105]",FALSE,FALSE,14,FALSE,13,0,0,,,,,,,,,,2.74243103,0,0,1,0.598,2.452893058,4.519903074,"[35.71522388059701, 73.51844776119403]",0.083333333,0.720259509,"[-0.3425756996610402, -0.9394902287952487]","[[35.29507310282347, 72.36621323104632], [36.135374658370544, 74.67068229134173]]",0,0,2.14E-05,0.111534796,0
1,59,185,54.10585946,75.10339459,4.194811735,1.197729294,-1.435439578,0,0.05124293,0.000460905,54.10585946,75.10339459,0,47.79149133,59,59,1,0,0,,,TRUE,54.38889139,73.02517317,53.82282753,77.18161602,FALSE,59,TRUE,"[486, 488]",FALSE,FALSE,7,FALSE,6,0,0,,,,,,,,,,-7.342710163,0,0,1,0.823,4.194811735,5.902879276,"[54.10585945945945, 75.10339459459459]",0.083333333,0.598864647,"[0.13494380565008238, -0.9908532531695462]","[[54.38889138921511, 73.02517316754773], [53.822827529703794, 77.18161602164145]]",0,0,0.05124293,0.000460905,0
1,60,106,36.54611321,75.45056604,2.013877111,1.392502264,-1.873039278,0,4.03E-06,0.09642032,36.54611321,75.45056604,0,21.64906141,60,60,1,0,0,,,TRUE,36.24638563,74.48927075,36.84584079,76.41186133,FALSE,60,TRUE,"[5882, 5885]",FALSE,FALSE,41,FALSE,40,0,0,,,,,,,,,,3.207229999,0,0,1,0.005,2.013877111,2.144920461,"[36.54611320754717, 75.45056603773584]",0.083333333,0.696251132,"[-0.2976622348013743, -0.9546712491601763]","[[36.24638562679853, 74.48927074909432], [36.84584078829582, 76.41186132637736]]",0,0,4.03E-06,0.09642032,0
1,61,148,53.50183784,78.55978378,3.383381133,1.160607911,-1.652317937,0,0.047336786,0.000482515,53.50183784,78.55978378,0,96.07005716,61,61,1,0,0,,,TRUE,53.3640812,76.8737114,53.63959447,80.24585617,FALSE,61,TRUE,"[645, 647]",FALSE,FALSE,9,FALSE,8,0,0,,,,,,,,,,12.23950017,0,0,1,0.67,3.383381133,5.038542051,"[53.50183783783783, 78.55978378378379]",0.083333333,0.580303956,"[-0.08143134438240468, -0.99667895340078]","[[53.3640812007274, 76.87371140047058], [53.63959447494827, 80.24585616709699]]",0,0,0.047336786,0.000482515,0
1,62,104,57.73846154,79.77323077,1.993066096,1.386534657,-1.08286091,0,0.000383823,0.103919809,57.73846154,79.77323077,0,80.78483742,62,62,1,0,0,,,TRUE,58.20563946,78.89299051,57.27128362,80.65347103,FALSE,62,TRUE,"[1668, 1672]",FALSE,FALSE,19,FALSE,18,0,0,,,,,,,,,,-1.884164943,0,0,1,0.588,1.993066096,4.732629711,"[57.738461538461536, 79.77323076923076]",0.083333333,0.693267328,"[0.46880323682323305, -0.8833026237615621]","[[58.20563945691548, 78.89299051336106], [57.271283620007594, 80.65347102510047]]",0,0,0.000383823,0.103919809,0
1,63,102,56.96329412,81.42070588,2.123939041,1.281473121,-0.964966933,0,0.000326124,0.104970104,56.96329412,81.42070588,0,75.62383796,63,63,1,0,0,,,TRUE,57.56802635,80.54773499,56.35856188,82.29367678,FALSE,63,FALSE,,FALSE,FALSE,0,FALSE,12,0,0,,,,,,,,,,-1.443566008,0,0,1,0.618,2.123939041,3.916139097,"[56.96329411764705, 81.42070588235293]",0.083333333,0.64073656,"[0.5694440589188237, -0.8220300868958844]","[[57.568026351758164, 80.54773498526616], [56.35856188353594, 82.2936767794397]]",0,0,0.000326124,0.104970104,0
1,64,74,27.54291892,81.77254054,1.875735881,1.046988662,-1.922450635,0,0.023700973,0.000609536,27.54291892,81.77254054,0,101.3270588,64,64,1,0,0,,,TRUE,27.21986904,80.89206621,27.8659688,82.65301487,FALSE,64,TRUE,"[4830, 4832]",FALSE,FALSE,37,FALSE,36,0,0,,,,,,,,,,2.725505852,0,0,1,0.06,1.875735881,4.5730995,"[27.54291891891891, 81.77254054054053]",0.083333333,0.523494331,"[-0.34445134954710666, -0.9388041690337644]","[[27.219869041074993, 80.8920662078823], [27.86596879676283, 82.65301487319877]]",0,0,0.023700973,0.000609536,0
